date,Individual income taxes,Payroll taxes,Corporate income taxes,Other revenues,Mandatory outlays,Discretionary outlays,Net interest outlays,Total deficit (-),Primary deficit (-),Debt held by the public
1/1/2025,"2,656.04","1,748.29",452.09,183.32,"4,167.62","1,872.43",969.94,"-1,775.37",-805.43,"30,172.40"
1/1/2026,"2,751.29","1,825.57",403.98,196.69,"4,529.34","1,880.30","1,038.98","-1,852.70",-813.73,"32,095.17"
1/1/2027,"2,947.03","1,896.66",419.3,201.11,"4,783.05","1,881.64","1,107.72","-1,887.20",-779.49,"34,004.52"
1/1/2028,"3,044.17","1,970.16",432.53,201.01,"5,004.55","1,928.75","1,217.82","-2,079.66",-861.83,"36,092.75"
1/1/2029,"3,193.32","2,048.47",451.54,209,"5,066.60","1,948.40","1,324.50","-2,019.72",-695.22,"38,102.76"
1/1/2030,"3,338.98","2,131.56",477.34,234.7,"5,375.17","1,988.63","1,431.84","-2,200.64",-768.81,"40,279.64"
1/1/2031,"3,461.05","2,216.31",493.47,293.43,"5,582.39","2,024.41","1,548.38","-2,285.70",-737.31,"42,528.34"
1/1/2032,"3,594.39","2,301.56",509.96,334.46,"5,835.42","2,063.24","1,670.45","-2,439.42",-768.97,"44,922.49"
1/1/2033,"3,743.85","2,388.56",525.92,350.83,"6,276.87","2,110.98","1,784.36","-2,780.74",-996.37,"47,644.19"
1/1/2034,"3,902.61","2,477.67",539.07,367.98,"6,436.66","2,147.01","1,903.75","-2,818.50",-914.75,"50,393.85"
1/1/2035,"4,071.91","2,570.01",551.91,387.94,"6,544.53","2,187.29","2,019.07","-2,779.03",-759.96,"53,103.22"
1/1/2036,"4,249.00","2,666.07",575.65,407.69,"7,027.80","2,244.01","2,144.34","-3,115.39",-971.05,"56,152.39"
,,,,,,,,,,
,,,,,,,,,,
,,,,,,,,,,
,,,,,,,,,,
,,,,,,,,,,
,,,,,,,,,,
,,,,,,,,,,
,,,,,,,,,,
,,,,,,,,,,
,,,,,,,,,,
,,,,,,,,,,
,,,,,,,,,,
,,,,,,,,,,
,,,,,,,,,,
,,,,,,,,,,
,,,,,,,,,,
,,,,,,,,,,
,,,,,,,,,,
,,,,,,,,,,
,,,,,,,,,,
,,,,,,,,,,
,,,,,,,,,,
,,,,,,,,,,
,,,,,,,,,,
,,,,,,,,,,
,,,,,,,,,,
